"Reporting starts","Reporting ends","Ad name","Ad delivery",Results,"Result indicator","Cost per results","Ad set budget","Ad set budget type","Amount spent (LKR)",Impressions,Reach,Ends,"Attribution setting",Bid,"Bid type","Last significant edit","Quality ranking","Engagement rate ranking","Conversion rate ranking","Ad set name"
2025-09-19,2026-04-07,,0,,,,0,0,832689.69,9539450,3315868,,"7-day click or 1-day view",0,0,0,-,-,-,
2025-09-19,2026-04-07,"Reach | Teddy | 2026 | January | IG | III",not_delivering,251270,reach,39.55458272,25000,Lifetime,9938.88,276732,251270,2026-02-07,"7-day click or 1-day view",0,ABSOLUTE_OCPM,2026-02-05T02:30:07-0800,-,-,-,"Reach | Teddy | 2026 | January"
2025-09-19,2026-04-07,"Reach | Teddy | 2026 | January | IG | IV",not_delivering,8147,reach,39.65999755,25000,Lifetime,323.11,8377,8147,2026-02-07,"7-day click or 1-day view",0,ABSOLUTE_OCPM,2026-02-05T02:30:07-0800,-,-,-,"Reach | Teddy | 2026 | January"
2025-09-19,2026-04-07,"Reach | Teddy | 2026 | January | Tamil | FB | I",inactive,47377,reach,43.9090698,5000,Lifetime,2080.28,52305,47377,2026-02-10,"7-day click or 1-day view",0,ABSOLUTE_OCPM,2026-02-07T12:28:29-0800,-,-,-,"Reach | Teddy | 2026 | January | Tamil"
2025-09-19,2026-04-07,"Reach | Teddy | 2026 | January | Tamil | FB | II",inactive,50979,reach,40.31660095,5000,Lifetime,2055.3,54916,50979,2026-02-10,"7-day click or 1-day view",0,ABSOLUTE_OCPM,2026-02-07T12:28:29-0800,-,-,-,"Reach | Teddy | 2026 | January | Tamil"
2025-09-19,2026-04-07,"Reach | Teddy | 2026 | January | Tamil | IG | I",inactive,15248,reach,37.04748164,5000,Lifetime,564.9,15929,15248,2026-02-10,"7-day click or 1-day view",0,ABSOLUTE_OCPM,2026-02-07T12:28:29-0800,-,-,-,"Reach | Teddy | 2026 | January | Tamil"
2025-09-19,2026-04-07,"Reach | Teddy | 2026 | January | Tamil | IG | II",not_delivering,7457,reach,38.55706048,5000,Lifetime,287.52,7457,7457,2026-02-10,"7-day click or 1-day view",0,ABSOLUTE_OCPM,2026-02-07T12:28:29-0800,-,-,-,"Reach | Teddy | 2026 | January | Tamil"
2025-09-19,2026-04-07,"Reach | Teddy | 2026 | February | FB | I",inactive,71888,reach,41.87959047,25000,Lifetime,3010.64,73145,71888,2026-03-15,"7-day click or 1-day view",0,ABSOLUTE_OCPM,2026-02-11T01:32:13-0800,-,-,-,"Reach | Teddy | 2026 | February"
2025-09-19,2026-04-07,"Reach | Teddy | 2026 | February | IG | I",inactive,45075,reach,45.01053799,25000,Lifetime,2028.85,49176,45075,2026-03-15,"7-day click or 1-day view",0,ABSOLUTE_OCPM,2026-02-11T01:32:13-0800,-,-,-,"Reach | Teddy | 2026 | February"
2025-09-19,2026-04-07,"Reach | Teddy | 2026 | February | FB | II",inactive,73969,reach,41.49197637,25000,Lifetime,3069.12,76719,73969,2026-03-15,"7-day click or 1-day view",0,ABSOLUTE_OCPM,2026-02-11T01:32:13-0800,-,-,-,"Reach | Teddy | 2026 | February"
2025-09-19,2026-04-07,"Reach | Teddy | 2026 | February | FB | III",inactive,67854,reach,39.96374569,25000,Lifetime,2711.7,72941,67854,2026-03-15,"7-day click or 1-day view",0,ABSOLUTE_OCPM,2026-02-11T01:32:13-0800,-,-,-,"Reach | Teddy | 2026 | February"
2025-09-19,2026-04-07,"Reach | Teddy | 2026 | February | IG | II",inactive,44807,reach,46.06266878,25000,Lifetime,2063.93,50267,44807,2026-03-15,"7-day click or 1-day view",0,ABSOLUTE_OCPM,2026-02-11T01:32:13-0800,-,-,-,"Reach | Teddy | 2026 | February"
2025-09-19,2026-04-07,"Reach | Teddy | 2026 | February | IG | III",inactive,50336,reach,42.03273999,25000,Lifetime,2115.76,52982,50336,2026-03-15,"7-day click or 1-day view",0,ABSOLUTE_OCPM,2026-02-11T01:32:13-0800,-,-,-,"Reach | Teddy | 2026 | February"
2025-09-19,2026-04-07,"Reach | Teddy | 2026 | February | FB | IV",not_delivering,39127,reach,36.57167685,25000,Lifetime,1430.94,40508,39127,2026-03-15,"7-day click or 1-day view",0,ABSOLUTE_OCPM,2026-02-11T01:32:13-0800,"Above average",-,-,"Reach | Teddy | 2026 | February"
2025-09-19,2026-04-07,"Reach | Teddy | 2026 | February | FB | V",not_delivering,20010,reach,38.94502749,25000,Lifetime,779.29,20237,20010,2026-03-15,"7-day click or 1-day view",0,ABSOLUTE_OCPM,2026-02-11T01:32:13-0800,"Above average",-,-,"Reach | Teddy | 2026 | February"
2025-09-19,2026-04-07,"Reach | Teddy | 2026 | February | IG | IV",not_delivering,162857,reach,43.05703777,25000,Lifetime,7012.14,190435,162857,2026-03-15,"7-day click or 1-day view",0,ABSOLUTE_OCPM,2026-02-11T01:32:13-0800,"Above average",-,-,"Reach | Teddy | 2026 | February"
2025-09-19,2026-04-07,"Reach | Teddy | 2026 | February | IG | V",not_delivering,18363,reach,42.32532811,25000,Lifetime,777.22,19165,18363,2026-03-15,"7-day click or 1-day view",0,ABSOLUTE_OCPM,2026-02-11T01:32:13-0800,"Above average",-,-,"Reach | Teddy | 2026 | February"
2025-09-19,2026-04-07,"Reach | Teddy | 2026 | February | Tamil | FB | I",not_delivering,156406,reach,55.93263686,10000,Lifetime,8748.2,210950,156406,2026-03-15,"7-day click or 1-day view",0,ABSOLUTE_OCPM,2026-03-09T23:00:03-0700,"Above average",-,-,"Reach | Teddy | 2026 | February | Tamil"
2025-09-19,2026-04-07,"Reach | Teddy | 2026 | February | Tamil | FB | II",not_delivering,10618,reach,39.48295348,10000,Lifetime,419.23,10660,10618,2026-03-15,"7-day click or 1-day view",0,ABSOLUTE_OCPM,2026-03-09T23:00:03-0700,"Above average",-,-,"Reach | Teddy | 2026 | February | Tamil"
2025-09-19,2026-04-07,"Reach | Teddy | 2026 | February | Tamil | IG | I",not_delivering,12832,reach,40.7146197,10000,Lifetime,522.45,12985,12832,2026-03-15,"7-day click or 1-day view",0,ABSOLUTE_OCPM,2026-03-09T23:00:03-0700,"Above average",-,-,"Reach | Teddy | 2026 | February | Tamil"
2025-09-19,2026-04-07,"Reach | Teddy | 2026 | February | Tamil | IG | II",not_delivering,7548,reach,41.0863805,10000,Lifetime,310.12,7716,7548,2026-03-15,"7-day click or 1-day view",0,ABSOLUTE_OCPM,2026-03-09T23:00:03-0700,Average,-,-,"Reach | Teddy | 2026 | February | Tamil"
2025-09-19,2026-04-07,"Reach | Teddy | March | Tamil | FB | I",not_delivering,27084,reach,50.95739182,14000,Lifetime,1380.13,30493,27084,2026-03-31,"7-day click or 1-day view",0,ABSOLUTE_OCPM,2026-03-24T00:54:37-0700,"Above average",-,-,"Reach | Teddy | March | Tamil"
2025-09-19,2026-04-07,"Reach | Teddy | March | Tamil | IG | I",not_delivering,6677,reach,43.84004793,14000,Lifetime,292.72,6760,6677,2026-03-31,"7-day click or 1-day view",0,ABSOLUTE_OCPM,2026-03-24T00:54:37-0700,"Above average",-,-,"Reach | Teddy | March | Tamil"
2025-09-19,2026-04-07,"Reach | Teddy | March | Sinhala | FB | I",not_delivering,47510,reach,45.83961271,7000,Lifetime,2177.84,51834,47510,2026-03-31,"7-day click or 1-day view",0,ABSOLUTE_OCPM,2026-03-23T01:31:48-0700,Average,-,-,"Reach | Teddy | March | Sinhala"
2025-09-19,2026-04-07,"Reach | Teddy | March | Tamil | FB | II",not_delivering,37380,reach,49.53772071,14000,Lifetime,1851.72,39930,37380,2026-03-31,"7-day click or 1-day view",0,ABSOLUTE_OCPM,2026-03-24T00:54:37-0700,"Above average",-,-,"Reach | Teddy | March | Tamil"
2025-09-19,2026-04-07,"Reach | Teddy | March | Tamil | IG | II",not_delivering,6638,reach,46.25489605,14000,Lifetime,307.04,6865,6638,2026-03-31,"7-day click or 1-day view",0,ABSOLUTE_OCPM,2026-03-24T00:54:37-0700,"Above average",-,-,"Reach | Teddy | March | Tamil"
2025-09-19,2026-04-07,"Reach | Teddy | November | IG | V",not_delivering,98067,reach,33.57316936,57000,Lifetime,3292.42,106770,98067,2026-02-09,"7-day click or 1-day view",0,ABSOLUTE_OCPM,2026-02-02T22:11:25-0800,-,-,-,"Reach | Teddy | November"
2025-09-19,2026-04-07,"Reach | Teddy | December | Christmas | FB | I",inactive,70606,reach,47.71195083,20000,Lifetime,3368.75,70899,70606,2025-12-31,"7-day click or 1-day view",0,ABSOLUTE_OCPM,2025-12-26T09:26:28-0800,-,-,-,"Reach | Teddy | December | Christmas"
2025-09-19,2026-04-07,"Reach | Teddy | December | Christmas | FB | II",inactive,67850,reach,49.20648489,20000,Lifetime,3338.66,67850,67850,2025-12-31,"7-day click or 1-day view",0,ABSOLUTE_OCPM,2025-12-26T09:26:28-0800,-,-,-,"Reach | Teddy | December | Christmas"
2025-09-19,2026-04-07,"Reach | Teddy | December | Christmas | IG | I",inactive,62595,reach,49.63719147,20000,Lifetime,3107.04,64261,62595,2025-12-31,"7-day click or 1-day view",0,ABSOLUTE_OCPM,2025-12-26T09:26:28-0800,-,-,-,"Reach | Teddy | December | Christmas"
2025-09-19,2026-04-07,"Reach | Teddy | December | Christmas | IG | II",inactive,64875,reach,50.86134875,20000,Lifetime,3299.63,64875,64875,2025-12-31,"7-day click or 1-day view",0,ABSOLUTE_OCPM,2025-12-26T09:26:28-0800,-,-,-,"Reach | Teddy | December | Christmas"
2025-09-19,2026-04-07,"Reach | Teddy | December | Tamil | FB | I",not_delivering,107280,reach,38.36530574,20000,Lifetime,4115.83,119091,107280,2026-02-20,"7-day click or 1-day view",0,ABSOLUTE_OCPM,2026-01-27T19:58:36-0800,-,-,-,"Reach | Teddy | December | Tamil"
2025-09-19,2026-04-07,"Reach | Teddy | December | Tamil | IG | I",not_delivering,95794,reach,34.04691317,20000,Lifetime,3261.49,101164,95794,2026-02-20,"7-day click or 1-day view",0,ABSOLUTE_OCPM,2026-01-27T19:58:36-0800,-,-,-,"Reach | Teddy | December | Tamil"
2025-09-19,2026-04-07,"Reach | Teddy | December | FB | I",not_delivering,223280,reach,36.38879434,40000,Lifetime,8124.89,252616,223280,2026-02-20,"7-day click or 1-day view",0,ABSOLUTE_OCPM,2026-01-04T20:59:09-0800,-,-,-,"Reach | Teddy | December"
2025-09-19,2026-04-07,"Reach | Teddy | December | IG | I",not_delivering,131284,reach,31.26268243,40000,Lifetime,4104.29,142302,131284,2026-02-20,"7-day click or 1-day view",0,ABSOLUTE_OCPM,2026-01-04T20:59:09-0800,-,-,-,"Reach | Teddy | December"
2025-09-19,2026-04-07,"Reach | Teddy | December | FB | II",not_delivering,161041,reach,34.68681888,40000,Lifetime,5586,181612,161041,2026-02-20,"7-day click or 1-day view",0,ABSOLUTE_OCPM,2026-01-04T20:59:09-0800,-,-,-,"Reach | Teddy | December"
2025-09-19,2026-04-07,"Reach | Teddy | December | IG | II",not_delivering,116254,reach,26.72811258,40000,Lifetime,3107.25,121756,116254,2026-02-20,"7-day click or 1-day view",0,ABSOLUTE_OCPM,2026-01-04T20:59:09-0800,-,-,-,"Reach | Teddy | December"
2025-09-19,2026-04-07,"Reach | Teddy | December | FB | III",not_delivering,136863,reach,26.69085144,40000,Lifetime,3652.99,140376,136863,2026-02-20,"7-day click or 1-day view",0,ABSOLUTE_OCPM,2026-01-04T20:59:09-0800,-,-,-,"Reach | Teddy | December"
2025-09-19,2026-04-07,"Reach | Teddy | December | IG | III",not_delivering,310230,reach,38.42342778,40000,Lifetime,11920.1,342890,310230,2026-02-20,"7-day click or 1-day view",0,ABSOLUTE_OCPM,2026-01-04T20:59:09-0800,-,-,-,"Reach | Teddy | December"
2025-09-19,2026-04-07,"Reach | Teddy | November | Tamil | FB | I",not_delivering,82160,reach,36.04564265,5000,Lifetime,2961.51,92051,82160,2026-01-10,"7-day click or 1-day view",0,ABSOLUTE_OCPM,2026-01-05T20:22:06-0800,-,-,-,"Reach | Teddy | November | Tamil"
2025-09-19,2026-04-07,"Reach | Teddy | December | Tamil | IG | I",inactive,59671,reach,34.16215582,5000,Lifetime,2038.49,70759,59671,2026-01-10,"7-day click or 1-day view",0,ABSOLUTE_OCPM,2026-01-05T20:22:06-0800,-,-,-,"Reach | Teddy | November | Tamil"
2025-09-19,2026-04-07,"Reach | Teddy | November | FB | VII",inactive,74911,reach,40.52782635,57000,Lifetime,3035.98,87600,74911,2026-02-09,"7-day click or 1-day view",0,ABSOLUTE_OCPM,2026-02-02T22:11:25-0800,-,-,-,"Reach | Teddy | November"
2025-09-19,2026-04-07,"Reach | Teddy | December | FB | IV",not_delivering,75277,reach,46.55445887,40000,Lifetime,3504.48,80595,75277,2026-02-20,"7-day click or 1-day view",0,ABSOLUTE_OCPM,2026-01-04T20:59:09-0800,-,-,-,"Reach | Teddy | December"
2025-09-19,2026-04-07,"Reach | Teddy | 2026 | January | FB | I",inactive,170481,reach,43.54620163,25000,Lifetime,7423.8,188801,170481,2026-02-07,"7-day click or 1-day view",0,ABSOLUTE_OCPM,2026-02-05T02:30:07-0800,-,-,-,"Reach | Teddy | 2026 | January"
2025-09-19,2026-04-07,"Reach | Teddy | 2026 | January | IG | I",not_delivering,49313,reach,45.42777767,25000,Lifetime,2240.18,51899,49313,2026-02-07,"7-day click or 1-day view",0,ABSOLUTE_OCPM,2026-02-05T02:30:07-0800,-,-,-,"Reach | Teddy | 2026 | January"
2025-09-19,2026-04-07,"Reach | Teddy | December | Tamil | FB | II",not_delivering,104084,reach,61.92181315,20000,Lifetime,6445.07,126213,104084,2026-02-20,"7-day click or 1-day view",0,ABSOLUTE_OCPM,2026-01-27T19:58:36-0800,-,-,-,"Reach | Teddy | December | Tamil"
2025-09-19,2026-04-07,"Reach | Teddy | December | Tamil | IG | II",not_delivering,86275,reach,71.60370907,20000,Lifetime,6177.61,96926,86275,2026-02-20,"7-day click or 1-day view",0,ABSOLUTE_OCPM,2026-01-27T19:58:36-0800,-,-,-,"Reach | Teddy | December | Tamil"
2025-09-19,2026-04-07,"Reach | Teddy | 2026 | January | FB | II",inactive,22474,reach,37.84862508,25000,Lifetime,850.61,22604,22474,2026-02-07,"7-day click or 1-day view",0,ABSOLUTE_OCPM,2026-02-05T02:30:07-0800,-,-,-,"Reach | Teddy | 2026 | January"
2025-09-19,2026-04-07,"Reach | Teddy | 2026 | January | FB | III",not_delivering,,,,25000,Lifetime,0,0,0,2026-02-07,"7-day click or 1-day view",0,ABSOLUTE_OCPM,2026-02-05T02:30:07-0800,-,-,-,"Reach | Teddy | 2026 | January"
2025-09-19,2026-04-07,"Reach | Teddy | 2026 | January | FB | IV",inactive,107795,reach,37.70193423,25000,Lifetime,4064.08,112799,107795,2026-02-07,"7-day click or 1-day view",0,ABSOLUTE_OCPM,2026-02-05T02:30:07-0800,-,-,-,"Reach | Teddy | 2026 | January"
2025-09-19,2026-04-07,"Reach | Teddy | 2026 | January | IG | II",not_delivering,3919,reach,40.65833121,25000,Lifetime,159.34,3919,3919,2026-02-07,"7-day click or 1-day view",0,ABSOLUTE_OCPM,2026-02-05T02:30:07-0800,-,-,-,"Reach | Teddy | 2026 | January"
2025-09-19,2026-04-07,"Reach | Teddy | September | Launch | I",not_delivering,379068,reach,79.53718066,30150,Lifetime,30150,679833,379068,2025-11-05,"7-day click or 1-day view",0,ABSOLUTE_OCPM,2025-10-03T05:20:01-0700,-,-,-,"Reach | Teddy | September | Launch"
2025-09-19,2026-04-07,"Reach | Teddy | November | FB | I",inactive,91953,reach,40.63706459,57000,Lifetime,3736.7,105999,91953,2026-02-09,"7-day click or 1-day view",0,ABSOLUTE_OCPM,2026-02-02T22:11:25-0800,-,-,-,"Reach | Teddy | November"
2025-09-19,2026-04-07,"Reach | Teddy | November | IG | I",not_delivering,60063,reach,39.83067779,57000,Lifetime,2392.35,63996,60063,2026-02-09,"7-day click or 1-day view",0,ABSOLUTE_OCPM,2026-02-02T22:11:25-0800,-,-,-,"Reach | Teddy | November"
2025-09-19,2026-04-07,"Reach | Teddy | November | FB | II",not_delivering,78085,reach,36.77287571,57000,Lifetime,2871.41,79740,78085,2026-02-09,"7-day click or 1-day view",0,ABSOLUTE_OCPM,2026-02-02T22:11:25-0800,-,-,-,"Reach | Teddy | November"
2025-09-19,2026-04-07,"Reach | Teddy | November | IG | II",not_delivering,73451,reach,40.3365509,57000,Lifetime,2962.76,78182,73451,2026-02-09,"7-day click or 1-day view",0,ABSOLUTE_OCPM,2026-02-02T22:11:25-0800,-,-,-,"Reach | Teddy | November"
2025-09-19,2026-04-07,"Reach | Teddy | November | FB | III",not_delivering,77628,reach,40.65904055,57000,Lifetime,3156.28,80885,77628,2026-02-09,"7-day click or 1-day view",0,ABSOLUTE_OCPM,2026-02-02T22:11:25-0800,-,-,-,"Reach | Teddy | November"
2025-09-19,2026-04-07,"Reach | Teddy | November | IG | III",inactive,89158,reach,39.35563831,57000,Lifetime,3508.87,92610,89158,2026-02-09,"7-day click or 1-day view",0,ABSOLUTE_OCPM,2026-02-02T22:11:25-0800,-,-,-,"Reach | Teddy | November"
2025-09-19,2026-04-07,"Reach | Teddy | November | FB | IV",not_delivering,180357,reach,43.02572121,57000,Lifetime,7759.99,197958,180357,2026-02-09,"7-day click or 1-day view",0,ABSOLUTE_OCPM,2026-02-02T22:11:25-0800,-,-,-,"Reach | Teddy | November"
2025-09-19,2026-04-07,"Reach | Teddy | November | IG | IV",not_delivering,150819,reach,46.00302349,57000,Lifetime,6938.13,169910,150819,2026-02-09,"7-day click or 1-day view",0,ABSOLUTE_OCPM,2026-02-02T22:11:25-0800,-,-,-,"Reach | Teddy | November"
2025-09-19,2026-04-07,"Reach | Teddy | November | IG | VI",not_delivering,300625,reach,36.92008316,57000,Lifetime,11099.1,340734,300625,2026-02-09,"7-day click or 1-day view",0,ABSOLUTE_OCPM,2026-02-02T22:11:25-0800,-,-,-,"Reach | Teddy | November"
2025-09-19,2026-04-07,"Reach | Teddy | November | FB | VI",inactive,109750,reach,28.94970387,57000,Lifetime,3177.23,113579,109750,2026-02-09,"7-day click or 1-day view",0,ABSOLUTE_OCPM,2026-02-02T22:11:25-0800,-,-,-,"Reach | Teddy | November"
2025-09-19,2026-04-07,"Reach | Teddy | November | FB | V",inactive,99066,reach,30.97712636,57000,Lifetime,3068.78,109504,99066,2026-02-09,"7-day click or 1-day view",0,ABSOLUTE_OCPM,2026-02-02T22:11:25-0800,-,-,-,"Reach | Teddy | November"
2025-09-19,2026-04-07,"Engagement | Teddy | 2026 | March | Tamil | IG | II",not_delivering,141,actions:post_interaction_gross,8.30432624,4000,Lifetime,1170.91,3544,2442,2026-03-28,"7-day click or 1-day view",0,ABSOLUTE_OCPM,2026-03-24T00:57:33-0700,Average,"Below average – bottom 35% of ads","Below average – bottom 35% of ads","Engagement | Teddy | 2026 | March | Tamil | IG"
2025-09-19,2026-04-07,"Engagement | Teddy | April | FB | I",inactive,2299,actions:post_interaction_gross,1.80344063,18000,Lifetime,4146.11,28725,19068,2026-04-30,"7-day click or 1-day view",0,ABSOLUTE_OCPM,2026-03-29T21:41:20-0700,Average,"Above average","Below average – bottom 35% of ads","Engagement | Teddy | April | FB"
2025-09-19,2026-04-07,"Engagement | Teddy | April | IG | I",inactive,254,actions:post_interaction_gross,2.68838583,6000,Lifetime,682.85,3931,3315,2026-04-15,"7-day click or 1-day view",0,ABSOLUTE_OCPM,2026-03-29T21:41:15-0700,Average,Average,"Below average – bottom 35% of ads","Engagement | Teddy | April | IG"
2025-09-19,2026-04-07,"Engagement | Teddy | April | FB | II",active,,,,18000,Lifetime,1.57,19,19,2026-04-30,"7-day click or 1-day view",0,ABSOLUTE_OCPM,2026-03-29T21:41:20-0700,-,-,-,"Engagement | Teddy | April | FB"
2025-09-19,2026-04-07,"Engagement | Teddy | April | FB | III",inactive,401,actions:post_interaction_gross,1.50471322,18000,Lifetime,603.39,4764,3534,2026-04-30,"7-day click or 1-day view",0,ABSOLUTE_OCPM,2026-03-29T21:41:20-0700,Average,"Above average","Below average – bottom 35% of ads","Engagement | Teddy | April | FB"
2025-09-19,2026-04-07,"Engagement | Teddy | April | FB | IV",active,124,actions:post_interaction_gross,4.05419355,18000,Lifetime,502.72,2947,2556,2026-04-30,"7-day click or 1-day view",0,ABSOLUTE_OCPM,2026-03-29T21:41:20-0700,-,-,-,"Engagement | Teddy | April | FB"
2025-09-19,2026-04-07,"Engagement | Teddy | April | FB | V",inactive,124,actions:post_interaction_gross,6.45104839,18000,Lifetime,799.93,5417,4189,2026-04-30,"7-day click or 1-day view",0,ABSOLUTE_OCPM,2026-03-29T21:41:20-0700,-,-,-,"Engagement | Teddy | April | FB"
2025-09-19,2026-04-07,"Engagement | Teddy | April | FB | VI",active,,,,18000,Lifetime,23.36,177,172,2026-04-30,"7-day click or 1-day view",0,ABSOLUTE_OCPM,2026-03-29T21:41:20-0700,-,-,-,"Engagement | Teddy | April | FB"
2025-09-19,2026-04-07,"Engagement | Teddy | April | IG | II",inactive,245,actions:post_interaction_gross,1.73261224,6000,Lifetime,424.49,2730,2357,2026-04-15,"7-day click or 1-day view",0,ABSOLUTE_OCPM,2026-03-29T21:41:15-0700,Average,Average,"Below average – bottom 35% of ads","Engagement | Teddy | April | IG"
2025-09-19,2026-04-07,"Engagement | Teddy | April | IG | III",inactive,1144,actions:post_interaction_gross,1.23254371,6000,Lifetime,1410.03,9597,7081,2026-04-15,"7-day click or 1-day view",0,ABSOLUTE_OCPM,2026-03-29T21:41:15-0700,Average,"Above average","Below average – bottom 35% of ads","Engagement | Teddy | April | IG"
2025-09-19,2026-04-07,"Engagement | Teddy | April | IG | IV",active,12,actions:post_interaction_gross,2.27333333,6000,Lifetime,27.28,185,177,2026-04-15,"7-day click or 1-day view",0,ABSOLUTE_OCPM,2026-03-29T21:41:15-0700,-,-,-,"Engagement | Teddy | April | IG"
2025-09-19,2026-04-07,"Engagement | Teddy | April | IG | V",inactive,122,actions:post_interaction_gross,5.4597541,6000,Lifetime,666.09,4274,3414,2026-04-15,"7-day click or 1-day view",0,ABSOLUTE_OCPM,2026-03-29T21:41:15-0700,-,-,-,"Engagement | Teddy | April | IG"
2025-09-19,2026-04-07,"Engagement | Teddy | April | IG | VI",active,44,actions:post_interaction_gross,7.21909091,6000,Lifetime,317.64,1967,1744,2026-04-15,"7-day click or 1-day view",0,ABSOLUTE_OCPM,2026-03-29T21:41:15-0700,-,-,-,"Engagement | Teddy | April | IG"
2025-09-19,2026-04-07,"EnEngagement | Teddy | 2026 | February | IG | III",inactive,170,actions:post_interaction_gross,11.86252941,10000,Lifetime,2016.63,7437,4317,2026-03-15,"7-day click or 1-day view",0,ABSOLUTE_OCPM,2026-02-11T01:17:16-0800,-,-,-,"Engagement | Teddy | 2026 | February | IG"
2025-09-19,2026-04-07,"Engagement | Teddy | 2026 | March | Women’s Day | FB",not_delivering,796,actions:post_interaction_gross,3.32606784,5000,Lifetime,2647.55,15019,11136,2026-03-09,"7-day click or 1-day view",0,ABSOLUTE_OCPM,2026-03-07T20:59:57-0800,Average,Average,"Below average – bottom 20% of ads","Engagement | Teddy | 2026 | March | Women’s Day"
2025-09-19,2026-04-07,"Engagement | Teddy | 2026 | March | Women’s Day |  IG",inactive,522,actions:post_interaction_gross,4.23482759,5000,Lifetime,2210.58,11137,9145,2026-03-09,"7-day click or 1-day view",0,ABSOLUTE_OCPM,2026-03-07T20:59:57-0800,"Below average – bottom 35% of ads",Average,"Below average – bottom 20% of ads","Engagement | Teddy | 2026 | March | Women’s Day"
2025-09-19,2026-04-07,"Engagement | Teddy | 2026 | January | FB | Videos | II",not_delivering,1910,actions:post_interaction_gross,3.92220419,12000,Lifetime,7491.41,48447,24752,2026-03-15,"7-day click or 1-day view",0,ABSOLUTE_OCPM,2026-02-11T01:17:17-0800,Average,Average,"Below average – bottom 35% of ads","Engagement | Teddy | 2026 | January | FB | Videos"
2025-09-19,2026-04-07,"Engagement | Teddy | 2026 | January | FB | Videos | III",not_delivering,190,actions:post_interaction_gross,2.66510526,12000,Lifetime,506.37,2071,1744,2026-03-15,"7-day click or 1-day view",0,ABSOLUTE_OCPM,2026-02-11T01:17:17-0800,"Below average – bottom 35% of ads",Average,"Below average – bottom 35% of ads","Engagement | Teddy | 2026 | January | FB | Videos"
2025-09-19,2026-04-07,"Engagement | Teddy | 2026 | January | IG | Videos | II",not_delivering,54,actions:post_interaction_gross,5.40148148,8625,Lifetime,291.68,1047,955,2026-03-15,"7-day click or 1-day view",0,ABSOLUTE_OCPM,2026-02-11T01:17:18-0800,Average,"Below average – bottom 35% of ads","Below average – bottom 20% of ads","Engagement | Teddy | 2026 | January | IG | Videos"
2025-09-19,2026-04-07,"Engagement | Teddy | 2026 | January | IG | Videos | III",not_delivering,85,actions:post_interaction_gross,4.83670588,8625,Lifetime,411.12,2028,1751,2026-03-15,"7-day click or 1-day view",0,ABSOLUTE_OCPM,2026-02-11T01:17:18-0800,Average,"Below average – bottom 35% of ads","Below average – bottom 35% of ads","Engagement | Teddy | 2026 | January | IG | Videos"
2025-09-19,2026-04-07,"Engagement | Teddy | 2026 | February | FB | IV",inactive,714,actions:post_interaction_gross,7.06218487,25000,Lifetime,5042.4,30921,15294,2026-03-15,"7-day click or 1-day view",0,ABSOLUTE_OCPM,2026-02-11T00:01:23-0800,Average,"Below average – bottom 35% of ads","Below average – bottom 35% of ads","Engagement | Teddy | 2026 | February | FB"
2025-09-19,2026-04-07,"Engagement | Teddy | 2026 | February | FB | V",not_delivering,62,actions:post_interaction_gross,4.77516129,25000,Lifetime,296.06,1249,1088,2026-03-15,"7-day click or 1-day view",0,ABSOLUTE_OCPM,2026-02-11T00:01:23-0800,"Above average","Below average – bottom 35% of ads","Below average – bottom 20% of ads","Engagement | Teddy | 2026 | February | FB"
2025-09-19,2026-04-07,"EnEngagement | Teddy | 2026 | February | IG | IV",not_delivering,160,actions:post_interaction_gross,12.12775,10000,Lifetime,1940.44,8896,5803,2026-03-15,"7-day click or 1-day view",0,ABSOLUTE_OCPM,2026-02-11T01:17:16-0800,"Below average – bottom 35% of ads","Below average – bottom 35% of ads","Below average – bottom 35% of ads","Engagement | Teddy | 2026 | February | IG"
2025-09-19,2026-04-07,"EnEngagement | Teddy | 2026 | February | IG | V",inactive,212,actions:post_interaction_gross,9.56122642,10000,Lifetime,2026.98,8321,5835,2026-03-15,"7-day click or 1-day view",0,ABSOLUTE_OCPM,2026-02-11T01:17:16-0800,Average,"Below average – bottom 35% of ads","Below average – bottom 35% of ads","Engagement | Teddy | 2026 | February | IG"
2025-09-19,2026-04-07,"Engagement | Teddy | 2026 | February |  Videos | FB | II",inactive,432,actions:post_interaction_gross,4.73196759,15000,Lifetime,2044.21,9678,7235,2026-03-15,"7-day click or 1-day view",0,ABSOLUTE_OCPM,2026-03-09T23:53:14-0700,Average,Average,"Below average – bottom 35% of ads","Engagement | Teddy | 2026 | February |  Videos | FB"
2025-09-19,2026-04-07,"Engagement | Teddy | 2026 | February |  Videos | FB | III",not_delivering,1750,actions:post_interaction_gross,3.40652,15000,Lifetime,5961.41,29939,18305,2026-03-15,"7-day click or 1-day view",0,ABSOLUTE_OCPM,2026-03-09T23:53:14-0700,Average,Average,"Below average – bottom 20% of ads","Engagement | Teddy | 2026 | February |  Videos | FB"
2025-09-19,2026-04-07,"Engagement | Teddy | 2026 | February |  Videos | IG | II",not_delivering,94,actions:post_interaction_gross,2.80117021,8625,Lifetime,263.31,897,800,2026-03-15,"7-day click or 1-day view",0,ABSOLUTE_OCPM,2026-02-17T19:30:46-0800,-,-,-,"Engagement | Teddy | 2026 | February |  Videos | IG"
2025-09-19,2026-04-07,"Engagement | Teddy | 2026 | February |  Videos | IG | III",not_delivering,1125,actions:post_interaction_gross,3.88798222,8625,Lifetime,4373.98,24884,16950,2026-03-15,"7-day click or 1-day view",0,ABSOLUTE_OCPM,2026-02-17T19:30:46-0800,Average,Average,"Below average – bottom 35% of ads","Engagement | Teddy | 2026 | February |  Videos | IG"
2025-09-19,2026-04-07,"Engagement | Teddy | 2026 | February |  Tamil | FB | I",not_delivering,166,actions:post_interaction_gross,8.80879518,14000,Lifetime,1462.26,5610,3397,2026-03-15,"7-day click or 1-day view",0,ABSOLUTE_OCPM,2026-03-09T23:32:25-0700,Average,"Below average – bottom 35% of ads","Below average – bottom 35% of ads","Engagement | Teddy | 2026 | February |  Tamil"
2025-09-19,2026-04-07,"Engagement | Teddy | 2026 | February |  Tamil | FB | II",inactive,603,actions:post_interaction_gross,8.39615257,14000,Lifetime,5062.88,18681,9142,2026-03-15,"7-day click or 1-day view",0,ABSOLUTE_OCPM,2026-03-09T23:32:25-0700,Average,"Below average – bottom 35% of ads","Below average – bottom 35% of ads","Engagement | Teddy | 2026 | February |  Tamil"
2025-09-19,2026-04-07,"Engagement | Teddy | 2026 | February |  Tamil | IG | I",not_delivering,187,actions:post_interaction_gross,7.96871658,14000,Lifetime,1490.15,4610,3310,2026-03-15,"7-day click or 1-day view",0,ABSOLUTE_OCPM,2026-03-09T23:32:25-0700,Average,"Below average – bottom 35% of ads","Below average – bottom 35% of ads","Engagement | Teddy | 2026 | February |  Tamil"
2025-09-19,2026-04-07,"Engagement | Teddy | 2026 | February |  Tamil | IG | II",not_delivering,704,actions:post_interaction_gross,8.49957386,14000,Lifetime,5983.7,19889,7958,2026-03-15,"7-day click or 1-day view",0,ABSOLUTE_OCPM,2026-03-09T23:32:25-0700,Average,"Below average – bottom 35% of ads","Below average – bottom 35% of ads","Engagement | Teddy | 2026 | February |  Tamil"
2025-09-19,2026-04-07,"Engagement | Teddy | 2026 | March | EID | FB",not_delivering,3108,actions:post_interaction_gross,2.52762227,10000,Lifetime,7855.85,44866,28780,2026-03-23,"7-day click or 1-day view",0,ABSOLUTE_OCPM,0,Average,Average,"Below average – bottom 20% of ads","Engagement | Teddy | 2026 | March | EID"
2025-09-19,2026-04-07,"Engagement | Teddy | 2026 | March | EID |  IG",inactive,1077,actions:post_interaction_gross,1.97144847,10000,Lifetime,2123.25,12608,9971,2026-03-23,"7-day click or 1-day view",0,ABSOLUTE_OCPM,0,Average,Average,"Below average – bottom 20% of ads","Engagement | Teddy | 2026 | March | EID"
2025-09-19,2026-04-07,"Engagement | Teddy | 2026 | March | Tamil | FB | I",not_delivering,210,actions:post_interaction_gross,7.31333333,6000,Lifetime,1535.8,5321,3122,2026-03-31,"7-day click or 1-day view",0,ABSOLUTE_OCPM,2026-03-24T00:57:17-0700,Average,"Below average – bottom 35% of ads","Below average – bottom 35% of ads","Engagement | Teddy | 2026 | March | Tamil | FB"
2025-09-19,2026-04-07,"Engagement | Teddy | 2026 | March | Tamil | IG | I",not_delivering,137,actions:post_interaction_gross,3.58854015,4000,Lifetime,491.63,1380,1119,2026-03-28,"7-day click or 1-day view",0,ABSOLUTE_OCPM,2026-03-24T00:57:33-0700,-,-,-,"Engagement | Teddy | 2026 | March | Tamil | IG"
2025-09-19,2026-04-07,"Engagement | Teddy | 2026 | March | FB | I",not_delivering,144,actions:post_interaction_gross,6.59743056,3000,Lifetime,950.03,3235,2381,2026-03-31,"7-day click or 1-day view",0,ABSOLUTE_OCPM,2026-03-23T02:37:35-0700,Average,"Below average – bottom 35% of ads","Below average – bottom 20% of ads","Engagement | Teddy | 2026 | March | FB"
2025-09-19,2026-04-07,"Engagement | Teddy | 2026 | March | Tamil | FB | II",not_delivering,7,actions:post_interaction_gross,14.26571429,6000,Lifetime,99.86,436,369,2026-03-31,"7-day click or 1-day view",0,ABSOLUTE_OCPM,2026-03-24T00:57:17-0700,-,-,-,"Engagement | Teddy | 2026 | March | Tamil | FB"
2025-09-19,2026-04-07,"Engagement | Teddy | December | Tamil | IG | II",not_delivering,140,actions:post_engagement,4.19957143,7500,Lifetime,587.94,1152,951,2026-01-30,"7-day click or 1-day view",0,ABSOLUTE_OCPM,0,-,-,-,"Engagement | Teddy | December | Tamil"
2025-09-19,2026-04-07,"Engagement | Teddy | December | IG | Videos | II",not_delivering,6954,actions:post_engagement,0.42718723,6000,Lifetime,2970.66,22658,19062,2026-01-30,"7-day click or 1-day view",0,ABSOLUTE_OCPM,2026-01-21T01:56:16-0800,-,-,-,"Engagement | Teddy | December | IG | Videos"
2025-09-19,2026-04-07,"Engagement | Teddy | 2026 | January | Quiz | FB",inactive,338,actions:post_interaction_gross,9.18772189,8000,Lifetime,3105.45,9578,7017,2026-01-31,"7-day click or 1-day view",0,ABSOLUTE_OCPM,2026-02-02T20:24:59-0800,-,-,-,"Engagement | Teddy | 2026 | January | Quiz | FB"
2025-09-19,2026-04-07,"Engagement | Teddy | 2026 | January | Quiz |  IG",inactive,198,actions:post_interaction_gross,15.26040404,4000,Lifetime,3021.56,13162,9625,2026-01-31,"7-day click or 1-day view",0,ABSOLUTE_OCPM,2026-02-02T20:22:22-0800,-,-,-,"Engagement | Teddy | 2026 | January | Quiz | IG"
2025-09-19,2026-04-07,"Engagement | Teddy | 2026 | January |  Independance Day |  IG",inactive,618,actions:post_interaction_gross,4.98179612,8000,Lifetime,3078.75,20708,17679,2026-02-05,"7-day click or 1-day view",0,ABSOLUTE_OCPM,2026-02-03T18:28:30-0800,-,-,-,"Engagement | Teddy | 2026 | February |  Independance Day"
2025-09-19,2026-04-07,"Engagement | Teddy | 2026 | January |  Independance Day |  FB",not_delivering,747,actions:post_interaction_gross,6.33852744,8000,Lifetime,4734.88,29943,24157,2026-02-05,"7-day click or 1-day view",0,ABSOLUTE_OCPM,2026-02-03T18:28:30-0800,-,-,-,"Engagement | Teddy | 2026 | February |  Independance Day"
2025-09-19,2026-04-07,"Engagement | Teddy | 2026 | January | FB | II",inactive,2172,actions:post_engagement,2.49150092,20000,Lifetime,5411.54,23344,20095,2026-02-08,"7-day click or 1-day view",0,ABSOLUTE_OCPM,2026-02-07T14:10:52-0800,-,-,-,"Engagement | Teddy | 2026 | January | FB"
2025-09-19,2026-04-07,"Engagement | Teddy | 2026 | January | FB | III",inactive,1931,actions:post_engagement,2.77599689,20000,Lifetime,5360.45,24022,20982,2026-02-08,"7-day click or 1-day view",0,ABSOLUTE_OCPM,2026-02-07T14:10:52-0800,-,-,-,"Engagement | Teddy | 2026 | January | FB"
2025-09-19,2026-04-07,"Engagement | Teddy | 2026 | January | FB | IV",not_delivering,942,actions:post_engagement,3.94215499,20000,Lifetime,3713.51,7247,6255,2026-02-08,"7-day click or 1-day view",0,ABSOLUTE_OCPM,2026-02-07T14:10:52-0800,-,-,-,"Engagement | Teddy | 2026 | January | FB"
2025-09-19,2026-04-07,"Engagement | Teddy | 2026 | January | IG | II",not_delivering,184,actions:post_engagement,7.81619565,8000,Lifetime,1438.18,2988,2631,2026-02-10,"7-day click or 1-day view",0,ABSOLUTE_OCPM,2026-02-07T14:11:54-0800,-,-,-,"Engagement | Teddy | 2026 | January | IG"
2025-09-19,2026-04-07,"Engagement | Teddy | 2026 | January | IG | III",not_delivering,1,actions:post_engagement,0.76,8000,Lifetime,0.76,1,1,2026-02-10,"7-day click or 1-day view",0,ABSOLUTE_OCPM,2026-02-07T14:11:54-0800,-,-,-,"Engagement | Teddy | 2026 | January | IG"
2025-09-19,2026-04-07,"Engagement | Teddy | 2026 | January | IG | IV",not_delivering,758,actions:post_engagement,5.97117414,8000,Lifetime,4526.15,5270,3678,2026-02-10,"7-day click or 1-day view",0,ABSOLUTE_OCPM,2026-02-07T14:11:54-0800,-,-,-,"Engagement | Teddy | 2026 | January | IG"
2025-09-19,2026-04-07,"Engagement | Teddy | 2026 | January | Tamil | FB | I",not_delivering,620,actions:post_interaction_gross,6.42941935,14000,Lifetime,3986.24,15018,8792,2026-02-10,"7-day click or 1-day view",0,ABSOLUTE_OCPM,2026-02-07T12:15:38-0800,-,-,-,"Engagement | Teddy | 2026 | January | Tamil"
2025-09-19,2026-04-07,"Engagement | Teddy | 2026 | January | Tamil | IG | I",not_delivering,72,actions:post_interaction_gross,3.86305556,14000,Lifetime,278.14,921,837,2026-02-10,"7-day click or 1-day view",0,ABSOLUTE_OCPM,2026-02-07T12:15:38-0800,-,-,-,"Engagement | Teddy | 2026 | January | Tamil"
2025-09-19,2026-04-07,"Engagement | Teddy | 2026 | January | Tamil | FB | II",inactive,833,actions:post_interaction_gross,6.17409364,14000,Lifetime,5143.02,21276,12434,2026-02-10,"7-day click or 1-day view",0,ABSOLUTE_OCPM,2026-02-07T12:15:38-0800,-,-,-,"Engagement | Teddy | 2026 | January | Tamil"
2025-09-19,2026-04-07,"Engagement | Teddy | 2026 | January | Tamil | IG | II",not_delivering,724,actions:post_interaction_gross,6.29765193,14000,Lifetime,4559.5,19389,11986,2026-02-10,"7-day click or 1-day view",0,ABSOLUTE_OCPM,2026-02-07T12:15:38-0800,-,-,-,"Engagement | Teddy | 2026 | January | Tamil"
2025-09-19,2026-04-07,"Engagement | Teddy | 2026 | January | FB | Videos | I",not_delivering,1915,actions:post_interaction_gross,2.08993211,12000,Lifetime,4002.22,19572,15872,2026-03-15,"7-day click or 1-day view",0,ABSOLUTE_OCPM,2026-02-11T01:17:17-0800,-,-,-,"Engagement | Teddy | 2026 | January | FB | Videos"
2025-09-19,2026-04-07,"Engagement | Teddy | 2026 | January | IG | Videos | I",not_delivering,2440,actions:post_interaction_gross,3.22310246,8625,Lifetime,7864.37,31283,13738,2026-03-15,"7-day click or 1-day view",0,ABSOLUTE_OCPM,2026-02-11T01:17:18-0800,Average,"Below average – bottom 35% of ads","Below average – bottom 35% of ads","Engagement | Teddy | 2026 | January | IG | Videos"
2025-09-19,2026-04-07,"Engagement | Teddy | 2026 | February | FB | I",inactive,1187,actions:post_interaction_gross,4.22182814,25000,Lifetime,5011.31,24992,15309,2026-03-15,"7-day click or 1-day view",0,ABSOLUTE_OCPM,2026-02-11T00:01:23-0800,-,-,-,"Engagement | Teddy | 2026 | February | FB"
2025-09-19,2026-04-07,"EnEngagement | Teddy | 2026 | February | IG | I",inactive,229,actions:post_interaction_gross,8.74938865,10000,Lifetime,2003.61,7746,5364,2026-03-15,"7-day click or 1-day view",0,ABSOLUTE_OCPM,2026-02-11T01:17:16-0800,-,-,-,"Engagement | Teddy | 2026 | February | IG"
2025-09-19,2026-04-07,"Engagement | Teddy | 2026 | February |  Videos | FB | I",inactive,2650,actions:post_interaction_gross,2.63924906,15000,Lifetime,6994.01,23359,16933,2026-03-15,"7-day click or 1-day view",0,ABSOLUTE_OCPM,2026-03-09T23:53:14-0700,-,-,-,"Engagement | Teddy | 2026 | February |  Videos | FB"
2025-09-19,2026-04-07,"Engagement | Teddy | 2026 | February |  Videos | IG | I",inactive,1517,actions:post_interaction_gross,2.62851681,8625,Lifetime,3987.46,16624,12074,2026-03-15,"7-day click or 1-day view",0,ABSOLUTE_OCPM,2026-02-17T19:30:46-0800,-,-,-,"Engagement | Teddy | 2026 | February |  Videos | IG"
2025-09-19,2026-04-07,"Engagement | Teddy | 2026 | February | FB | II",inactive,1764,actions:post_interaction_gross,5.38132086,25000,Lifetime,9492.65,28228,17408,2026-03-15,"7-day click or 1-day view",0,ABSOLUTE_OCPM,2026-02-11T00:01:23-0800,-,-,-,"Engagement | Teddy | 2026 | February | FB"
2025-09-19,2026-04-07,"Engagement | Teddy | 2026 | February | FB | III",inactive,659,actions:post_interaction_gross,7.64553869,25000,Lifetime,5038.41,25123,15697,2026-03-15,"7-day click or 1-day view",0,ABSOLUTE_OCPM,2026-02-11T00:01:23-0800,Average,"Below average – bottom 35% of ads","Below average – bottom 35% of ads","Engagement | Teddy | 2026 | February | FB"
2025-09-19,2026-04-07,"EnEngagement | Teddy | 2026 | February | IG | II",inactive,207,actions:post_interaction_gross,9.71135266,10000,Lifetime,2010.25,7481,5607,2026-03-15,"7-day click or 1-day view",0,ABSOLUTE_OCPM,2026-02-11T01:17:16-0800,-,-,-,"Engagement | Teddy | 2026 | February | IG"
2025-09-19,2026-04-07,"Engagement | Teddy | December | Tamil | FB | I",inactive,669,actions:post_engagement,3.0828849,7500,Lifetime,2062.45,12615,10518,2026-01-30,"7-day click or 1-day view",0,ABSOLUTE_OCPM,0,-,-,-,"Engagement | Teddy | December | Tamil"
2025-09-19,2026-04-07,"Engagement | Teddy | December | Tamil | IG | I",inactive,946,actions:post_engagement,2.75762156,7500,Lifetime,2608.71,12779,10021,2026-01-30,"7-day click or 1-day view",0,ABSOLUTE_OCPM,0,-,-,-,"Engagement | Teddy | December | Tamil"
2025-09-19,2026-04-07,"Engagement | Teddy | December | New Year 2026 | FB",inactive,13996,actions:post_engagement,0.22444484,10000,Lifetime,3141.33,32891,30507,2026-02-07,"7-day click or 1-day view",0,ABSOLUTE_OCPM,2026-01-04T10:54:24-0800,-,-,-,"Engagement | Teddy | December | New Year 2026"
2025-09-19,2026-04-07,"Engagement | Teddy | December | New Year 2026 | IG",inactive,14492,actions:post_engagement,0.22469086,10000,Lifetime,3256.22,32836,29104,2026-02-07,"7-day click or 1-day view",0,ABSOLUTE_OCPM,2026-01-04T10:54:24-0800,-,-,-,"Engagement | Teddy | December | New Year 2026"
2025-09-19,2026-04-07,"Engagement | Teddy | December | FB | III",inactive,1305,actions:post_engagement,1.78687356,20000,Lifetime,2331.87,10292,9000,2026-02-07,"7-day click or 1-day view",0,ABSOLUTE_OCPM,2026-01-04T21:14:23-0800,-,-,-,"Engagement | Teddy | December | FB"
2025-09-19,2026-04-07,"Engagement | Teddy | December | IG| III",inactive,937,actions:post_engagement,3.23654216,10000,Lifetime,3032.64,8309,5889,2026-02-07,"7-day click or 1-day view",0,ABSOLUTE_OCPM,2026-01-04T21:13:31-0800,-,-,-,"Engagement | Teddy | December | IG"
2025-09-19,2026-04-07,"Engagement | Teddy | November | Tamil | FB | I",inactive,935,actions:post_engagement,3.32561497,8000,Lifetime,3109.45,15756,10804,2026-01-23,"7-day click or 1-day view",0,ABSOLUTE_OCPM,2026-01-06T02:37:16-0800,-,-,-,"Engagement | Teddy | November | Tamil | FB"
2025-09-19,2026-04-07,"Engagement | Teddy | November | Tamil | FB | II",inactive,1160,actions:post_engagement,2.64668966,8000,Lifetime,3070.16,19099,13902,2026-01-23,"7-day click or 1-day view",0,ABSOLUTE_OCPM,2026-01-06T02:37:16-0800,-,-,-,"Engagement | Teddy | November | Tamil | FB"
2025-09-19,2026-04-07,"Engagement | Teddy | November | Tamil | IG | I",not_delivering,557,actions:post_engagement,5.35698384,6000,Lifetime,2983.84,5392,2430,2026-01-10,"7-day click or 1-day view",0,ABSOLUTE_OCPM,2026-01-06T02:37:16-0800,-,-,-,"Engagement | Teddy | November | Tamil | IG"
2025-09-19,2026-04-07,"Engagement | Teddy | November | Tamil | IG | II",inactive,403,actions:post_engagement,7.48079404,6000,Lifetime,3014.76,8610,5468,2026-01-10,"7-day click or 1-day view",0,ABSOLUTE_OCPM,2026-01-06T02:37:16-0800,-,-,-,"Engagement | Teddy | November | Tamil | IG"
2025-09-19,2026-04-07,"Engagement | Teddy | November | FB | Videos | I",inactive,12138,actions:post_engagement,0.25126298,12000,Lifetime,3049.83,28379,26844,2026-02-05,"7-day click or 1-day view",0,ABSOLUTE_OCPM,2026-02-02T22:13:08-0800,-,-,-,"Engagement | Teddy | November | FB | Videos"
2025-09-19,2026-04-07,"Engagement | Teddy | November | FB | Videos | II",inactive,11515,actions:post_engagement,0.26757099,12000,Lifetime,3081.08,25571,20790,2026-02-05,"7-day click or 1-day view",0,ABSOLUTE_OCPM,2026-02-02T22:13:08-0800,-,-,-,"Engagement | Teddy | November | FB | Videos"
2025-09-19,2026-04-07,"Engagement | Teddy | November | IG | Videos | II",inactive,9710,actions:post_engagement,0.31481153,8625,Lifetime,3056.82,24804,19000,2026-01-22,"7-day click or 1-day view",0,ABSOLUTE_OCPM,2026-01-19T22:28:57-0800,-,-,-,"Engagement | Teddy | November | IG | Videos"
2025-09-19,2026-04-07,"Engagement | Teddy | November | IG | Videos | I",inactive,12639,actions:post_engagement,0.2399636,8625,Lifetime,3032.9,30663,27747,2026-01-22,"7-day click or 1-day view",0,ABSOLUTE_OCPM,2026-01-19T22:28:57-0800,-,-,-,"Engagement | Teddy | November | IG | Videos"
2025-09-19,2026-04-07,"Engagement | Teddy | 2026 | January | Thai Pongal | FB",inactive,2225,actions:post_engagement,1.40919551,6000,Lifetime,3135.46,18270,15360,2026-01-16,"7-day click or 1-day view",0,ABSOLUTE_OCPM,2026-01-15T00:32:19-0800,-,-,-,"Engagement | Teddy | 2026 | January | Thai Pongal"
2025-09-19,2026-04-07,"Engagement | Teddy | 2026 | January | Thai Pongal | IG",not_delivering,1996,actions:post_engagement,1.38998497,6000,Lifetime,2774.41,14299,11288,2026-01-16,"7-day click or 1-day view",0,ABSOLUTE_OCPM,2026-01-15T00:32:19-0800,-,-,-,"Engagement | Teddy | 2026 | January | Thai Pongal"
2025-09-19,2026-04-07,"Engagement | Teddy | November | FB | V",inactive,677,actions:post_engagement,4.5076514,20000,Lifetime,3051.68,8127,7042,2026-01-23,"7-day click or 1-day view",0,ABSOLUTE_OCPM,2026-01-05T22:53:20-0800,-,-,-,"Engagement | Teddy | November | FB"
2025-09-19,2026-04-07,"Engagement | Teddy | November | IG | Videos | III",not_delivering,6108,actions:post_engagement,0.41507531,8625,Lifetime,2535.28,16359,14204,2026-01-22,"7-day click or 1-day view",0,ABSOLUTE_OCPM,2026-01-19T22:28:57-0800,-,-,-,"Engagement | Teddy | November | IG | Videos"
2025-09-19,2026-04-07,"Engagement | Teddy | November | FB | Videos | III",inactive,6766,actions:post_engagement,0.45925067,12000,Lifetime,3107.29,20882,18086,2026-02-05,"7-day click or 1-day view",0,ABSOLUTE_OCPM,2026-02-02T22:13:08-0800,-,-,-,"Engagement | Teddy | November | FB | Videos"
2025-09-19,2026-04-07,"Engagement | Teddy | December | FB | Videos | I",not_delivering,5588,actions:post_engagement,0.55651575,7000,Lifetime,3109.81,20860,16608,2026-02-07,"7-day click or 1-day view",0,ABSOLUTE_OCPM,2026-01-21T01:56:16-0800,-,-,-,"Engagement | Teddy | December | FB | Videos"
2025-09-19,2026-04-07,"Engagement | Teddy | December | IG | Videos | I",inactive,5273,actions:post_engagement,0.56989001,6000,Lifetime,3005.03,23352,18411,2026-01-30,"7-day click or 1-day view",0,ABSOLUTE_OCPM,2026-01-21T01:56:16-0800,-,-,-,"Engagement | Teddy | December | IG | Videos"
2025-09-19,2026-04-07,"Engagement | Teddy | December | FB | IV",inactive,686,actions:post_engagement,4.50793003,20000,Lifetime,3092.44,4250,3624,2026-02-07,"7-day click or 1-day view",0,ABSOLUTE_OCPM,2026-01-04T21:14:23-0800,-,-,-,"Engagement | Teddy | December | FB"
2025-09-19,2026-04-07,"Engagement | Teddy | 2026 | January | FB | I",inactive,1583,actions:post_engagement,3.48357549,20000,Lifetime,5514.5,13060,9316,2026-02-08,"7-day click or 1-day view",0,ABSOLUTE_OCPM,2026-02-07T14:10:52-0800,-,-,-,"Engagement | Teddy | 2026 | January | FB"
2025-09-19,2026-04-07,"Engagement | Teddy | 2026 | January | IG | I",inactive,421,actions:post_engagement,4.7711639,8000,Lifetime,2008.66,2321,1452,2026-02-10,"7-day click or 1-day view",0,ABSOLUTE_OCPM,2026-02-07T14:11:54-0800,-,-,-,"Engagement | Teddy | 2026 | January | IG"
2025-09-19,2026-04-07,"Engagement | Teddy | December | Tamil | FB | II",not_delivering,477,actions:post_engagement,4.58928721,7500,Lifetime,2189.09,4541,3273,2026-01-30,"7-day click or 1-day view",0,ABSOLUTE_OCPM,0,-,-,-,"Engagement | Teddy | December | Tamil"
2025-09-19,2026-04-07,"Engagement | Teddy | September | Launch | Video | IG",inactive,49153,actions:post_engagement,0.23281346,20625,Lifetime,11443.48,115025,72153,2025-10-15,"7-day click or 1-day view",0,ABSOLUTE_OCPM,2025-09-22T20:42:30-0700,-,-,-,"Engagement | Teddy | September | Launch"
2025-09-19,2026-04-07,"Engagement | Teddy | September | Teachers's Day |  FB",inactive,2339,actions:post_engagement,2.0819752,7500,Lifetime,4869.74,23197,13523,2025-10-22,"7-day click or 1-day view",0,ABSOLUTE_OCPM,2025-10-05T21:26:08-0700,-,-,-,"Engagement | Teddy | September | Teachers's Day"
2025-09-19,2026-04-07,"Engagement | Teddy | September | Teachers's Day |  IG",not_delivering,1292,actions:post_engagement,2.0344195,7500,Lifetime,2628.47,10822,6497,2025-10-22,"7-day click or 1-day view",0,ABSOLUTE_OCPM,2025-10-05T21:26:08-0700,-,-,-,"Engagement | Teddy | September | Teachers's Day"
2025-09-19,2026-04-07,"Engagement | Teddy | September | I |  FB",inactive,1505,actions:post_engagement,2.39914286,7500,Lifetime,3610.71,15714,6847,2025-10-31,"7-day click or 1-day view",0,ABSOLUTE_OCPM,2025-10-08T20:17:05-0700,-,-,-,"Engagement | Teddy | September | I"
2025-09-19,2026-04-07,"Engagement | Teddy | September | I | IG",inactive,1678,actions:post_engagement,2.31727652,7500,Lifetime,3888.39,14333,6476,2025-10-31,"7-day click or 1-day view",0,ABSOLUTE_OCPM,2025-10-08T20:17:05-0700,-,-,-,"Engagement | Teddy | September | I"
2025-09-19,2026-04-07,"Engagement | Teddy | September | II |  FB",inactive,1419,actions:post_engagement,3.69433404,7500,Lifetime,5242.26,10670,5762,2025-10-31,"7-day click or 1-day view",0,ABSOLUTE_OCPM,2025-10-17T12:42:23-0700,-,-,-,"Engagement | Teddy | September | II"
2025-09-19,2026-04-07,"Engagement | Teddy | September | II | IG",not_delivering,656,actions:post_engagement,3.43795732,7500,Lifetime,2255.3,5277,3191,2025-10-31,"7-day click or 1-day view",0,ABSOLUTE_OCPM,2025-10-17T12:42:23-0700,-,-,-,"Engagement | Teddy | September | II"
2025-09-19,2026-04-07,"Engagement | Teddy | September | III |  FB",not_delivering,6583,actions:post_engagement,0.43436883,7500,Lifetime,2859.45,12099,10142,2025-10-30,"7-day click or 1-day view",0,ABSOLUTE_OCPM,2025-10-24T01:37:07-0700,-,-,-,"Engagement | Teddy | September | III"
2025-09-19,2026-04-07,"Engagement | Teddy | September | III | IG",inactive,11993,actions:post_engagement,0.38693821,7500,Lifetime,4640.55,21404,14746,2025-10-30,"7-day click or 1-day view",0,ABSOLUTE_OCPM,2025-10-24T01:37:07-0700,-,-,-,"Engagement | Teddy | September | III"
2025-09-19,2026-04-07,"Engagement | Teddy | November | FB | I",inactive,1166,actions:post_engagement,2.75187822,20000,Lifetime,3208.69,11344,6301,2026-01-23,"7-day click or 1-day view",0,ABSOLUTE_OCPM,2026-01-05T22:53:20-0800,-,-,-,"Engagement | Teddy | November | FB"
2025-09-19,2026-04-07,"Engagement | Teddy | November | IG | I",inactive,712,actions:post_engagement,5.42294944,15000,Lifetime,3861.14,5495,2118,2026-02-05,"7-day click or 1-day view",0,ABSOLUTE_OCPM,2026-02-02T22:11:46-0800,-,-,-,"Engagement | Teddy | November | IG"
2025-09-19,2026-04-07,"Engagement | Teddy | November | IG | II",not_delivering,351,actions:post_engagement,5.70512821,15000,Lifetime,2002.5,4126,2768,2026-02-05,"7-day click or 1-day view",0,ABSOLUTE_OCPM,2026-02-02T22:11:46-0800,-,-,-,"Engagement | Teddy | November | IG"
2025-09-19,2026-04-07,"Engagement | Teddy | November | IG | III",not_delivering,359,actions:post_engagement,6.22047354,15000,Lifetime,2233.15,4348,3200,2026-02-05,"7-day click or 1-day view",0,ABSOLUTE_OCPM,2026-02-02T22:11:46-0800,-,-,-,"Engagement | Teddy | November | IG"
2025-09-19,2026-04-07,"Engagement | Teddy | November | FB | II",inactive,555,actions:post_engagement,6.07540541,20000,Lifetime,3371.85,24211,22936,2026-01-23,"7-day click or 1-day view",0,ABSOLUTE_OCPM,2026-01-05T22:53:20-0800,-,-,-,"Engagement | Teddy | November | FB"
2025-09-19,2026-04-07,"Engagement | Teddy | November | FB | III",inactive,633,actions:post_engagement,4.77947867,20000,Lifetime,3025.41,21927,20333,2026-01-23,"7-day click or 1-day view",0,ABSOLUTE_OCPM,2026-01-05T22:53:20-0800,-,-,-,"Engagement | Teddy | November | FB"
2025-09-19,2026-04-07,"Engagement | Teddy | November | FB | IV",inactive,1382,actions:post_engagement,2.18485528,20000,Lifetime,3019.47,24345,14096,2026-01-23,"7-day click or 1-day view",0,ABSOLUTE_OCPM,2026-01-05T22:53:20-0800,-,-,-,"Engagement | Teddy | November | FB"
2025-09-19,2026-04-07,"Engagement | Teddy | November | IG | IV",not_delivering,490,actions:post_engagement,8.55526531,15000,Lifetime,4192.08,7196,5137,2026-02-05,"7-day click or 1-day view",0,ABSOLUTE_OCPM,2026-02-02T22:11:46-0800,-,-,-,"Engagement | Teddy | November | IG"
2025-09-19,2026-04-07,"Engagement | Teddy | December | Christmas |  FB | I",inactive,2542,actions:post_engagement,1.29215578,15000,Lifetime,3284.66,19986,17575,2025-12-31,"7-day click or 1-day view",0,ABSOLUTE_OCPM,2025-12-26T09:25:51-0800,-,-,-,"Engagement | Teddy | December | Christmas"
2025-09-19,2026-04-07,"Engagement | Teddy | December | Christmas |  FB | II",inactive,761,actions:post_engagement,4.04720105,15000,Lifetime,3079.92,5235,4213,2025-12-31,"7-day click or 1-day view",0,ABSOLUTE_OCPM,2025-12-26T09:25:51-0800,-,-,-,"Engagement | Teddy | December | Christmas"
2025-09-19,2026-04-07,"Engagement | Teddy | December | Christmas |  IG | I",inactive,2577,actions:post_engagement,1.32972449,15000,Lifetime,3426.7,19804,16881,2025-12-31,"7-day click or 1-day view",0,ABSOLUTE_OCPM,2025-12-26T09:25:51-0800,-,-,-,"Engagement | Teddy | December | Christmas"
2025-09-19,2026-04-07,"Engagement | Teddy | December | Christmas |  IG | II",inactive,768,actions:post_engagement,3.97227865,15000,Lifetime,3050.71,5503,4384,2025-12-31,"7-day click or 1-day view",0,ABSOLUTE_OCPM,2025-12-26T09:25:51-0800,-,-,-,"Engagement | Teddy | December | Christmas"
2025-09-19,2026-04-07,"Engagement | Teddy | December | FB | I",inactive,795,actions:post_engagement,2.7587673,20000,Lifetime,2193.22,10989,9888,2026-02-07,"7-day click or 1-day view",0,ABSOLUTE_OCPM,2026-01-04T21:14:23-0800,-,-,-,"Engagement | Teddy | December | FB"
2025-09-19,2026-04-07,"Engagement | Teddy | December | FB | II",inactive,729,actions:post_engagement,2.8240192,20000,Lifetime,2058.71,6599,5653,2026-02-07,"7-day click or 1-day view",0,ABSOLUTE_OCPM,2026-01-04T21:14:23-0800,-,-,-,"Engagement | Teddy | December | FB"
2025-09-19,2026-04-07,"Engagement | Teddy | December | IG| II",inactive,632,actions:post_engagement,3.95830696,10000,Lifetime,2501.65,5177,3627,2026-02-07,"7-day click or 1-day view",0,ABSOLUTE_OCPM,2026-01-04T21:13:31-0800,-,-,-,"Engagement | Teddy | December | IG"
2025-09-19,2026-04-07,"Engagement | Teddy | December | IG | I",inactive,719,actions:post_engagement,3.50130737,10000,Lifetime,2517.44,5835,4202,2026-02-07,"7-day click or 1-day view",0,ABSOLUTE_OCPM,2026-01-04T21:13:31-0800,-,-,-,"Engagement | Teddy | December | IG"
2025-09-19,2026-04-07,"Engagement | Teddy | September | Launch | Static",not_delivering,3,actions:post_engagement,3.94,20625,Lifetime,11.82,23,22,2025-10-15,"7-day click or 1-day view",0,ABSOLUTE_OCPM,2025-09-22T20:42:30-0700,-,-,-,"Engagement | Teddy | September | Launch"
2025-09-19,2026-04-07,"Engagement | Teddy | September | Launch | Video | FB",inactive,44653,actions:post_engagement,0.20535462,20625,Lifetime,9169.7,103279,59941,2025-10-15,"7-day click or 1-day view",0,ABSOLUTE_OCPM,2025-09-22T20:42:30-0700,-,-,-,"Engagement | Teddy | September | Launch"
2025-09-19,2026-04-07,"Video Views | Teddy | 2026 | January | IG | I",not_delivering,38418,video_thruplay_watched_actions,0.39939273,22000,Lifetime,15343.87,102001,84403,2026-03-15,"7-day click or 1-day view",0,ABSOLUTE_OCPM,2026-02-10T23:36:39-0800,Average,"Below average – bottom 35% of ads",Average,"Video Views | Teddy | 2026 | January"
2025-09-19,2026-04-07,"Video Views | Teddy  | February | FB | I",not_delivering,9962,video_thruplay_watched_actions,0.67088035,7000,Lifetime,6683.31,13355,9187,2026-02-21,"7-day click or 1-day view",0,ABSOLUTE_OCPM,2026-02-17T19:41:07-0800,-,-,-,"Video Views | Teddy  | February | Valentine"
2025-09-19,2026-04-07,"Video Views | Teddy  | February | IG | I",not_delivering,473,video_thruplay_watched_actions,0.6615222,7000,Lifetime,312.9,764,657,2026-02-21,"7-day click or 1-day view",0,ABSOLUTE_OCPM,2026-02-17T19:41:07-0800,-,-,-,"Video Views | Teddy  | February | Valentine"
2025-09-19,2026-04-07,"Video Views | Teddy | 2026 | January | FB | II",not_delivering,834,video_thruplay_watched_actions,0.56767386,22000,Lifetime,473.44,1718,1677,2026-03-15,"7-day click or 1-day view",0,ABSOLUTE_OCPM,2026-02-10T23:36:39-0800,-,-,-,"Video Views | Teddy | 2026 | January"
2025-09-19,2026-04-07,"Video Views | Teddy | 2026 | January | IG | II",not_delivering,19,video_thruplay_watched_actions,0.54947368,22000,Lifetime,10.44,47,45,2026-03-15,"7-day click or 1-day view",0,ABSOLUTE_OCPM,2026-02-10T23:36:39-0800,-,-,-,"Video Views | Teddy | 2026 | January"
2025-09-19,2026-04-07,"Video Views | Teddy | 2026 | January | FB | III",not_delivering,847,video_thruplay_watched_actions,0.39165289,22000,Lifetime,331.73,2045,2026,2026-03-15,"7-day click or 1-day view",0,ABSOLUTE_OCPM,2026-02-10T23:36:39-0800,-,-,-,"Video Views | Teddy | 2026 | January"
2025-09-19,2026-04-07,"Video Views | Teddy | 2026 | January | IG | III",inactive,6213,video_thruplay_watched_actions,0.40532593,22000,Lifetime,2518.29,15667,14366,2026-03-15,"7-day click or 1-day view",0,ABSOLUTE_OCPM,2026-02-10T23:36:39-0800,Average,"Below average – bottom 35% of ads","Above average","Video Views | Teddy | 2026 | January"
2025-09-19,2026-04-07,"Video Views | Teddy  | February | IG | I",not_delivering,11710,video_thruplay_watched_actions,0.47141674,16000,Lifetime,5520.29,33455,28601,2026-03-15,"7-day click or 1-day view",0,ABSOLUTE_OCPM,2026-03-09T00:40:34-0700,Average,"Below average – bottom 35% of ads","Below average – bottom 35% of ads","Video Views | Teddy  | February"
2025-09-19,2026-04-07,"Video Views | Teddy  | February | FB | I",inactive,11207,video_thruplay_watched_actions,0.45205586,16000,Lifetime,5066.19,32389,28641,2026-03-15,"7-day click or 1-day view",0,ABSOLUTE_OCPM,2026-03-09T00:40:34-0700,Average,"Below average – bottom 35% of ads",Average,"Video Views | Teddy  | February"
2025-09-19,2026-04-07,"Video Views | Teddy  | February | FB | II",inactive,10033,video_thruplay_watched_actions,0.50427689,16000,Lifetime,5059.41,37526,32281,2026-03-15,"7-day click or 1-day view",0,ABSOLUTE_OCPM,2026-03-09T00:40:34-0700,Average,Average,"Below average – bottom 35% of ads","Video Views | Teddy  | February"
2025-09-19,2026-04-07,"Video Views | Teddy  | February | IG | II",not_delivering,672,video_thruplay_watched_actions,0.5205506,16000,Lifetime,349.81,2170,2096,2026-03-15,"7-day click or 1-day view",0,ABSOLUTE_OCPM,2026-03-09T00:40:34-0700,-,-,-,"Video Views | Teddy  | February"
2025-09-19,2026-04-07,"Video Views | Teddy | April | FB | I",active,12968,video_thruplay_watched_actions,0.45716919,48000,Lifetime,5928.57,63370,59265,2026-04-30,"7-day click or 1-day view",0,ABSOLUTE_OCPM,2026-03-27T01:52:18-0700,Average,Average,"Above average","Video Views | Teddy | April"
2025-09-19,2026-04-07,"Video Views | Teddy | April | IG | I",active,16487,video_thruplay_watched_actions,0.41151513,48000,Lifetime,6784.65,68149,61001,2026-04-30,"7-day click or 1-day view",0,ABSOLUTE_OCPM,2026-03-27T01:52:18-0700,Average,Average,"Above average","Video Views | Teddy | April"
2025-09-19,2026-04-07,"Video Views | Teddy | April | FB | II",active,537,video_thruplay_watched_actions,0.82268156,48000,Lifetime,441.78,1892,1813,2026-04-30,"7-day click or 1-day view",0,ABSOLUTE_OCPM,2026-03-27T01:52:18-0700,Average,Average,"Below average – bottom 35% of ads","Video Views | Teddy | April"
2025-09-19,2026-04-07,"Video Views | Teddy | April | FB | III",active,2019,video_thruplay_watched_actions,0.80499257,48000,Lifetime,1625.28,12423,11997,2026-04-30,"7-day click or 1-day view",0,ABSOLUTE_OCPM,2026-03-27T01:52:18-0700,Average,Average,Average,"Video Views | Teddy | April"
2025-09-19,2026-04-07,"Video Views | Teddy | April | FB | IV",active,185,video_thruplay_watched_actions,0.68681081,48000,Lifetime,127.06,426,426,2026-04-30,"7-day click or 1-day view",0,ABSOLUTE_OCPM,2026-03-27T01:52:18-0700,-,-,-,"Video Views | Teddy | April"
2025-09-19,2026-04-07,"Video Views | Teddy | April | FB | V",active,219,video_thruplay_watched_actions,0.87835616,48000,Lifetime,192.36,599,589,2026-04-30,"7-day click or 1-day view",0,ABSOLUTE_OCPM,2026-03-27T01:52:18-0700,-,-,-,"Video Views | Teddy | April"
2025-09-19,2026-04-07,"Video Views | Teddy | April | FB | VI",active,632,video_thruplay_watched_actions,0.97552215,48000,Lifetime,616.53,2685,2623,2026-04-30,"7-day click or 1-day view",0,ABSOLUTE_OCPM,2026-03-27T01:52:18-0700,Average,Average,Average,"Video Views | Teddy | April"
2025-09-19,2026-04-07,"Video Views | Teddy | April | IG | II",active,365,video_thruplay_watched_actions,0.73449315,48000,Lifetime,268.09,2030,1953,2026-04-30,"7-day click or 1-day view",0,ABSOLUTE_OCPM,2026-03-27T01:52:18-0700,Average,"Below average – bottom 35% of ads",Average,"Video Views | Teddy | April"
2025-09-19,2026-04-07,"Video Views | Teddy | April | IG | III",active,1464,video_thruplay_watched_actions,0.87519126,48000,Lifetime,1281.28,8579,8572,2026-04-30,"7-day click or 1-day view",0,ABSOLUTE_OCPM,2026-03-27T01:52:18-0700,Average,"Below average – bottom 35% of ads",Average,"Video Views | Teddy | April"
2025-09-19,2026-04-07,"Video Views | Teddy | April | IG | IV",active,663,video_thruplay_watched_actions,0.91280543,48000,Lifetime,605.19,2300,2300,2026-04-30,"7-day click or 1-day view",0,ABSOLUTE_OCPM,2026-03-27T01:52:18-0700,Average,Average,"Below average – bottom 35% of ads","Video Views | Teddy | April"
2025-09-19,2026-04-07,"Video Views | Teddy | April | IG | V",active,103,video_thruplay_watched_actions,1.75417476,48000,Lifetime,180.68,1312,1253,2026-04-30,"7-day click or 1-day view",0,ABSOLUTE_OCPM,2026-03-27T01:52:18-0700,Average,Average,Average,"Video Views | Teddy | April"
2025-09-19,2026-04-07,"Video Views | Teddy | April | IG | VI",active,1,video_thruplay_watched_actions,1,48000,Lifetime,1,9,9,2026-04-30,"7-day click or 1-day view",0,ABSOLUTE_OCPM,2026-03-27T01:52:18-0700,-,-,-,"Video Views | Teddy | April"
2025-09-19,2026-04-07,"Video Views | Teddy  | September | Launch | FB",inactive,98229,video_thruplay_watched_actions,0.51285231,60000,Lifetime,50376.97,109349,56507,2025-10-15,"7-day click or 1-day view",0,ABSOLUTE_OCPM,2025-09-24T19:38:20-0700,-,-,-,"Video Views | Teddy  | September | Launch"
2025-09-19,2026-04-07,"Video Views | Teddy  | September | Launch | IG",inactive,18019,video_thruplay_watched_actions,0.530313,60000,Lifetime,9555.71,19599,11137,2025-10-15,"7-day click or 1-day view",0,ABSOLUTE_OCPM,2025-09-24T19:38:20-0700,-,-,-,"Video Views | Teddy  | September | Launch"
2025-09-19,2026-04-07,"Video Views | Teddy  | December | New Year 2026 | IG",inactive,5453,video_thruplay_watched_actions,0.58508161,10000,Lifetime,3190.45,7701,4920,2026-01-06,"7-day click or 1-day view",0,ABSOLUTE_OCPM,2026-01-04T10:30:55-0800,-,-,-,"Video Views | Teddy  | December | New Year 2026"
2025-09-19,2026-04-07,"Video Views | Teddy  | December | New Year 2026 | FB",inactive,5252,video_thruplay_watched_actions,0.58078827,10000,Lifetime,3050.3,8932,7363,2026-01-06,"7-day click or 1-day view",0,ABSOLUTE_OCPM,2026-01-04T10:30:55-0800,-,-,-,"Video Views | Teddy  | December | New Year 2026"
2025-09-19,2026-04-07,"Video Views | Teddy  | November | FB |  I",inactive,5026,video_thruplay_watched_actions,0.60977318,24000,Lifetime,3064.72,6772,4576,2026-02-05,"7-day click or 1-day view",0,ABSOLUTE_OCPM,2026-02-02T22:12:47-0800,-,-,-,"Video Views | Teddy  | November"
2025-09-19,2026-04-07,"Video Views | Teddy  | November | FB |  II",inactive,7021,video_thruplay_watched_actions,0.44182453,24000,Lifetime,3102.05,19589,16637,2026-02-05,"7-day click or 1-day view",0,ABSOLUTE_OCPM,2026-02-02T22:12:47-0800,-,-,-,"Video Views | Teddy  | November"
2025-09-19,2026-04-07,"Video Views | Teddy  | November | IG|  I",not_delivering,3262,video_thruplay_watched_actions,0.62785714,24000,Lifetime,2048.07,5548,3481,2026-02-05,"7-day click or 1-day view",0,ABSOLUTE_OCPM,2026-02-02T22:12:47-0800,-,-,-,"Video Views | Teddy  | November"
2025-09-19,2026-04-07,"Video Views | Teddy  | November | IG|  II",not_delivering,17027,video_thruplay_watched_actions,0.38480237,24000,Lifetime,6552.03,40329,36186,2026-02-05,"7-day click or 1-day view",0,ABSOLUTE_OCPM,2026-02-02T22:12:47-0800,-,-,-,"Video Views | Teddy  | November"
2025-09-19,2026-04-07,"Video Views | Teddy  | November | FB |  III",inactive,5250,video_thruplay_watched_actions,0.6045619,24000,Lifetime,3173.95,10938,9807,2026-02-05,"7-day click or 1-day view",0,ABSOLUTE_OCPM,2026-02-02T22:12:47-0800,-,-,-,"Video Views | Teddy  | November"
2025-09-19,2026-04-07,"Video Views | Teddy  | November | IG|  III",inactive,5097,video_thruplay_watched_actions,0.60769276,24000,Lifetime,3097.41,11070,10374,2026-02-05,"7-day click or 1-day view",0,ABSOLUTE_OCPM,2026-02-02T22:12:47-0800,-,-,-,"Video Views | Teddy  | November"
2025-09-19,2026-04-07,"Video Views | Teddy  | December | FB | I",not_delivering,8441,video_thruplay_watched_actions,0.52918138,67000,Lifetime,4466.82,19356,18053,2026-02-18,"7-day click or 1-day view",0,ABSOLUTE_OCPM,2026-02-06T11:46:22-0800,-,-,-,"Video Views | Teddy  | December"
2025-09-19,2026-04-07,"Video Views | Teddy  | December | FB | II",not_delivering,50927,video_thruplay_watched_actions,0.40181318,67000,Lifetime,20463.14,149377,121609,2026-02-18,"7-day click or 1-day view",0,ABSOLUTE_OCPM,2026-02-06T11:46:22-0800,-,-,-,"Video Views | Teddy  | December"
2025-09-19,2026-04-07,"Video Views | Teddy  | December | IG | I",not_delivering,50244,video_thruplay_watched_actions,0.52483719,67000,Lifetime,26369.92,118950,97399,2026-02-18,"7-day click or 1-day view",0,ABSOLUTE_OCPM,2026-02-06T11:46:22-0800,-,-,-,"Video Views | Teddy  | December"
2025-09-19,2026-04-07,"Video Views | Teddy | December | IG | II",not_delivering,38512,video_thruplay_watched_actions,0.40763087,67000,Lifetime,15698.68,121082,99610,2026-02-18,"7-day click or 1-day view",0,ABSOLUTE_OCPM,2026-02-06T11:46:22-0800,-,-,-,"Video Views | Teddy  | December"
2025-09-19,2026-04-07,"Video Views | Teddy | 2026 | January | FB | I",not_delivering,6836,video_thruplay_watched_actions,0.48059977,22000,Lifetime,3285.38,28179,26209,2026-03-15,"7-day click or 1-day view",0,ABSOLUTE_OCPM,2026-02-10T23:36:39-0800,-,-,-,"Video Views | Teddy | 2026 | January"
2025-09-19,2026-04-07,"Traffic | Teddy | March | Tamil | FB | I",not_delivering,108,actions:link_click,3.31601852,15000,Lifetime,358.13,7181,6342,2026-03-31,"7-day click or 1-day view",0,ABSOLUTE_OCPM,2026-03-07T20:56:44-0800,"Above average","Below average – bottom 35% of ads",Average,"Traffic | Teddy | March | Tamil"
2025-09-19,2026-04-07,"Traffic | Teddy | March | Tamil | IG | I",not_delivering,4576,actions:link_click,2.40074956,15000,Lifetime,10985.83,265885,125231,2026-03-31,"7-day click or 1-day view",0,ABSOLUTE_OCPM,2026-03-07T20:56:44-0800,"Above average","Below average – bottom 35% of ads",Average,"Traffic | Teddy | March | Tamil"
2025-09-19,2026-04-07,"Traffic | Teddy | March | FB | I",not_delivering,36,actions:omni_landing_page_view,18.57083333,30000,Lifetime,668.55,5723,4290,2026-03-31,"7-day click or 1-day view",0,ABSOLUTE_OCPM,2026-03-08T23:05:46-0700,"Above average","Above average","Below average – bottom 35% of ads","Traffic | Teddy | March"
2025-09-19,2026-04-07,"Traffic | Teddy | March | IG | I",not_delivering,417,actions:omni_landing_page_view,13.31472422,30000,Lifetime,5552.24,50048,23156,2026-03-31,"7-day click or 1-day view",0,ABSOLUTE_OCPM,2026-03-08T23:05:46-0700,Average,Average,"Below average – bottom 35% of ads","Traffic | Teddy | March"
2025-09-19,2026-04-07,"Traffic | Teddy | March | FB | II",not_delivering,458,actions:omni_landing_page_view,15.89056769,30000,Lifetime,7277.88,60585,31175,2026-03-31,"7-day click or 1-day view",0,ABSOLUTE_OCPM,2026-03-08T23:05:46-0700,"Above average","Above average","Below average – bottom 35% of ads","Traffic | Teddy | March"
2025-09-19,2026-04-07,"Traffic | Teddy | March | IG | II",not_delivering,649,actions:omni_landing_page_view,13.38733436,30000,Lifetime,8688.38,89055,41182,2026-03-31,"7-day click or 1-day view",0,ABSOLUTE_OCPM,2026-03-08T23:05:46-0700,"Above average","Above average","Below average – bottom 20% of ads","Traffic | Teddy | March"
